"Name","Total Raised","Total from Small Donors","Percent from Small Donors*","total money raised"
"TaylorMarjorie Taylor Greene (R)","$7932166","$5763400","72.66%","Raised over $100k"
"Ocasio-CortezAlexandria Ocasio-Cortez (D)","$15160101","$10602414","69.94%","Raised over $100k"
"SandersBernie Sanders (I)","$35728405","$22732498","63.63%","Raised over $100k"
"JordanJim Jordan (R)","$13313614","$7423207","55.76%","Raised over $100k"
"CraneEli Crane (R)","$8437397","$4638205","54.97%","Raised over $100k"
"WarrenElizabeth Warren (D)","$20636522","$11272309","54.62%","Raised over $100k"
"PelosiNancy Pelosi (D)","$10003159","$5340919","53.39%","Raised over $100k"
"PaulRand Paul (R)","$35527402","$18466244","51.98%","Raised over $100k"
"SpartzVictoria Spartz (R)","$811493","$408852","50.38%","Raised over $100k"
"BurgessMichael Burgess (R)","$1200022","$604170","50.35%","Raised over $100k"
"FettermanJohn Fetterman (D)","$82199022","$41257356","50.19%","Raised over $100k"
"MillerMary Miller (R)","$1560026","$769100","49.30%","Raised over $100k"
"JacksonRonny Jackson (R)","$6312579","$3107198","49.22%","Raised over $100k"
"FrostMaxwell Frost (D)","$3930459","$1924972","48.98%","Raised over $100k"
"GrahamLindsey Graham (R)","$117401780","$57222742","48.74%","Raised over $100k"
"OmarIlhan Omar (D)","$8202075","$3910173","47.67%","Raised over $100k"
"ComerJames Comer (R)","$7596325","$3611561","47.54%","Raised over $100k"
"OssoffJon Ossoff (D)","$171895162","$81165841","47.22%","Raised over $100k"
"KennedyJohn Kennedy (R)","$51628839","$24303561","47.07%","Raised over $100k"
"BoebertLauren Boebert (R)","$4730531","$2178726","46.06%","Raised over $100k"
"CrockettJasmine Crockett (D)","$3036171","$1369700","45.11%","Raised over $100k"
"KellyMark Kelly (D)","$99670347","$44905855","45.05%","Raised over $100k"
"WarnockRaphael Warnock (D)","$184266768","$82704461","44.88%","Raised over $100k"
"CruzTed Cruz (R)","$105557321","$47077922","44.60%","Raised over $100k"
"AllredColin Allred (D)","$92580217","$41272085","44.58%","Raised over $100k"
"HagemanHarriet Hageman (R)","$3000255","$1332164","44.40%","Raised over $100k"
"BiggsAndy Biggs (R)","$1354408","$585838","43.25%","Raised over $100k"
"DuckworthTammy Duckworth (D)","$23296673","$9921754","42.59%","Raised over $100k"
"GallegoRuben Gallego (D)","$63777612","$26980378","42.30%","Raised over $100k"
"PaulinaAnna Paulina Luna (R)","$3662980","$1521833","41.55%","Raised over $100k"
"CortezCatherine Cortez Masto (D)","$65688546","$26913897","40.97%","Raised over $100k"
"ScottTim Scott (R)","$67301932","$27532241","40.91%","Raised over $100k"
"CollinsMike Collins (R)","$1704745","$696305","40.85%","Raised over $100k"
"McConnellMitch McConnell (R)","$72967093","$29237362","40.07%","Raised over $100k"
"DonaldsByron Donalds (R)","$6563388","$2616547","39.87%","Raised over $100k"
"SchiffAdam Schiff (D)","$47309769","$18836012","39.81%","Raised over $100k"
"JeffriesHakeem Jeffries (D)","$22820569","$8694626","38.10%","Raised over $100k"
"ZinkeRyan Zinke (R)","$9990150","$3732209","37.36%","Raised over $100k"
"LeeMike Lee (R)","$16528336","$6030396","36.49%","Raised over $100k"
"HawleyJosh Hawley (R)","$27210242","$9900237","36.38%","Raised over $100k"
"RubioMarco Rubio (R)","$50277155","$18251673","36.30%","Raised over $100k"
"RaskinJamie Raskin (D)","$4783442","$1733201","36.23%","Raised over $100k"
"MerkleyJeff Merkley (D)","$9661683","$3499410","36.22%","Raised over $100k"
"DainesSteven Daines (R)","$34306895","$12265663","35.75%","Raised over $100k"
"PetersGary Peters (D)","$56643389","$20199053","35.66%","Raised over $100k"
"YakymRudy Yakym (R)","$3578624","$1264452","35.33%","Raised over $100k"
"DeMonica De La Cruz (R)","$7884300","$2781246","35.28%","Raised over $100k"
"CottonTom Cotton (R)","$16312092","$5717628","35.05%","Raised over $100k"
"EllzeyJake Ellzey (R)","$6480006","$2262349","34.91%","Raised over $100k"
"StabenowDebbie Stabenow (D)","$4879808","$1691385","34.66%","Raised over $100k"
"MillsCory Mills (R)","$1609397","$556808","34.60%","Raised over $100k"
"MastBrian Mast (R)","$3974043","$1366501","34.39%","Raised over $100k"
"HickenlooperJohn Hickenlooper (D)","$45083518","$15427930","34.22%","Raised over $100k"
"PorterKatie Porter (D)","$32119165","$10902528","33.94%","Raised over $100k"
"PeltolaMary Peltola (D)","$13210877","$4395102","33.27%","Raised over $100k"
"SlotkinElissa Slotkin (D)","$51168064","$16845959","32.92%","Raised over $100k"
"SmithTina Smith (D)","$19239090","$6330821","32.91%","Raised over $100k"
"BushCori Bush (D)","$3931525","$1288772","32.78%","Raised over $100k"
"JohnsonRon Johnson (R)","$40097440","$13016509","32.46%","Raised over $100k"
"JacksonJeff Jackson (D)","$768284","$249285","32.45%","Raised over $100k"
"ReschenthalerGuy Reschenthaler (R)","$4327277","$1380397","31.90%","Raised over $100k"
"TlaibRashida Tlaib (D)","$8361649","$2660970","31.82%","Raised over $100k"
"BaldwinTammy Baldwin (D)","$58515037","$18576727","31.75%","Raised over $100k"
"TesterJon Tester (D)","$96070839","$30441610","31.69%","Raised over $100k"
"ErnstJoni Ernst (R)","$32364554","$10214624","31.56%","Raised over $100k"
"BookerCory Booker (D)","$21523391","$6786966","31.53%","Raised over $100k"
"MurphyChristopher S Murphy (D)","$15089795","$4756253","31.52%","Raised over $100k"
"BrownSherrod Brown (D)","$100378888","$31507010","31.39%","Raised over $100k"
"RosenJacky Rosen (D)","$50872605","$15915856","31.29%","Raised over $100k"
"KlobucharAmy Klobuchar (D)","$21485514","$6582687","30.64%","Raised over $100k"
"GrijalvaRaul M Grijalva (D)","$637820","$191331","30.00%","Raised over $100k"
"CrenshawDan Crenshaw (R)","$4056322","$1209494","29.82%","Raised over $100k"
"HassanMaggie Hassan (D)","$43065876","$12823476","29.78%","Raised over $100k"
"VanDerrick Van Orden (R)","$7458951","$2210768","29.64%","Raised over $100k"
"VanJeff Van Drew (R)","$3197984","$935417","29.25%","Raised over $100k"
"RoyChip Roy (R)","$2884881","$842825","29.22%","Raised over $100k"
"BowmanJamaal Bowman (D)","$5626499","$1632542","29.02%","Raised over $100k"
"CaseyBob Casey (D)","$63676634","$18276575","28.70%","Raised over $100k"
"VanceJ D Vance (R)","$17237583","$4872613","28.27%","Raised over $100k"
"CrowJason Crow (D)","$2182039","$614488","28.16%","Raised over $100k"
"PressleyAyanna Pressley (D)","$1411509","$394610","27.96%","Raised over $100k"
"JohnsonMike Johnson (R)","$19065042","$5236369","27.47%","Raised over $100k"
"RayBen Ray Lujan (D)","$11637120","$3163925","27.19%","Raised over $100k"
"PerryScott Perry (R)","$4471323","$1202185","26.89%","Raised over $100k"
"ShaheenJeanne Shaheen (D)","$20017666","$5344343","26.70%","Raised over $100k"
"JayapalPramila Jayapal (D)","$2793025","$738280","26.43%","Raised over $100k"
"LuttrellMorgan Luttrell (R)","$1861800","$491411","26.39%","Raised over $100k"
"HuntWesley Hunt (R)","$2760120","$719422","26.06%","Raised over $100k"
"JamesJohn James (R)","$9477442","$2441780","25.76%","Raised over $100k"
"MurrayPatty Murray (D)","$20331360","$5206827","25.61%","Raised over $100k"
"KimYoung Kim (R)","$9067799","$2273294","25.07%","Raised over $100k"
"BennetMichael Bennet (D)","$22125113","$5501310","24.86%","Raised over $100k"
"MarkeyEd Markey (D)","$14024552","$3468332","24.73%","Raised over $100k"
"BuddTed Budd (R)","$16254047","$3890366","23.93%","Raised over $100k"
"WaltzMichael Waltz (R)","$2791083","$661047","23.68%","Raised over $100k"
"KaineTim Kaine (D)","$21401882","$5065478","23.67%","Raised over $100k"
"GrassleyChuck Grassley (R)","$10945190","$2587304","23.64%","Raised over $100k"
"BurchettTim Burchett (R)","$1229828","$287186","23.35%","Raised over $100k"
"KimAndy Kim (D)","$12170781","$2839921","23.33%","Raised over $100k"
"McClellanJennifer McClellan (D)","$2694818","$628053","23.31%","Raised over $100k"
"LeeBarbara Lee (D)","$5473994","$1272567","23.25%","Raised over $100k"
"GarciaRobert Garcia (D)","$1326793","$292761","22.07%","Raised over $100k"
"TillisThom Tillis (R)","$25523707","$5578136","21.85%","Raised over $100k"
"BluntLisa Blunt Rochester (D)","$9889594","$2160238","21.84%","Raised over $100k"
"TubervilleTommy Tuberville (R)","$11684053","$2464217","21.09%","Raised over $100k"
"McClainLisa McClain (R)","$1029112","$215130","20.90%","Raised over $100k"
"SpanbergerAbigail Spanberger (D)","$1723491","$359003","20.83%","Raised over $100k"
"CornynJohn Cornyn (R)","$34095780","$6935021","20.34%","Raised over $100k"
"LeeSummer Lee (D)","$2923335","$587574","20.10%","Raised over $100k"
"SantosGeorge Santos (R)","$48129","$9531","19.80%","Raised less than $100k"
"GoodBob Good (R)","$1328803","$262684","19.77%","Raised over $100k"
"TenneyClaudia Tenney (R)","$2993079","$589942","19.71%","Raised over $100k"
"OwensBurgess Owens (R)","$1449406","$285518","19.70%","Raised over $100k"
"WextonJennifer Wexton (D)","$480029","$94333","19.65%","Raised over $100k"
"HironoMazie K Hirono (D)","$4838111","$943649","19.50%","Raised over $100k"
"MassieThomas Massie (R)","$1323139","$257098","19.43%","Raised over $100k"
"DuncanJeff Duncan (R)","$784969","$146993","18.73%","Raised over $100k"
"WagnerAnn Wagner (R)","$4213631","$770676","18.29%","Raised over $100k"
"BanksJim Banks (R)","$7151159","$1305346","18.25%","Raised over $100k"
"Hyde-SmithCindy Hyde-Smith (R)","$4995726","$908448","18.18%","Raised over $100k"
"RoseJohn Rose (R)","$1106670","$197747","17.87%","Raised over $100k"
"PocanMark Pocan (D)","$1064083","$189287","17.79%","Raised over $100k"
"CollinsSusan Collins (R)","$29778726","$5276897","17.72%","Raised over $100k"
"KiggansJen Kiggans (R)","$6434811","$1134837","17.64%","Raised over $100k"
"KileyKevin Kiley (R)","$4187895","$736088","17.58%","Raised over $100k"
"MooneyAlex Mooney (R)","$1952747","$342324","17.53%","Raised over $100k"
"SteelMichelle Steel (R)","$10449923","$1816823","17.39%","Raised over $100k"
"HarshbargerDiana Harshbarger (R)","$1872094","$324407","17.33%","Raised over $100k"
"StefanikElise Stefanik (R)","$15444946","$2636569","17.07%","Raised over $100k"
"CarlJerry Carl (R)","$1791145","$305387","17.05%","Raised over $100k"
"DavidsSharice Davids (D)","$5915701","$979875","16.56%","Raised over $100k"
"GosarPaul Gosar (R)","$459220","$75643","16.47%","Raised over $100k"
"CammackKat Cammack (R)","$2634508","$433343","16.45%","Raised over $100k"
"HayesJahana Hayes (D)","$4048084","$657678","16.25%","Raised over $100k"
"CaraveoYadira Caraveo (D)","$8048643","$1294679","16.09%","Raised over $100k"
"FousheeValerie Foushee (D)","$683926","$109725","16.04%","Raised over $100k"
"HinsonAshley Hinson (R)","$5565617","$888904","15.97%","Raised over $100k"
"McClintockTom McClintock (R)","$1143387","$180914","15.82%","Raised over $100k"
"SarbanesJohn Sarbanes (D)","$15868","$2509","15.81%","Raised less than $100k"
"UnderwoodLauren A Underwood (D)","$4082518","$644232","15.78%","Raised over $100k"
"LummisCynthia Lummis (R)","$3581541","$561158","15.67%","Raised over $100k"
"IssaDarrell Issa (R)","$1761806","$275631","15.64%","Raised over $100k"
"SmithChris Smith (R)","$838537","$130989","15.62%","Raised over $100k"
"SteubeGreg Steube (R)","$1710108","$266852","15.60%","Raised over $100k"
"BalintBecca Balint (D)","$1372634","$214118","15.60%","Raised over $100k"
"StansburyMelanie Stansbury (D)","$1343239","$209339","15.58%","Raised over $100k"
"McGovernJames P McGovern (D)","$1092908","$170174","15.57%","Raised over $100k"
"GarciaMike Garcia (R)","$6485208","$1007275","15.53%","Raised over $100k"
"HigginsClay Higgins (R)","$1016991","$157875","15.52%","Raised over $100k"
"WildSusan Wild (D)","$8856117","$1374447","15.52%","Raised over $100k"
"BurlisonEric Burlison (R)","$923026","$143138","15.51%","Raised over $100k"
"CantwellMaria Cantwell (D)","$12724745","$1969002","15.47%","Raised over $100k"
"GluesenkampMarie Gluesenkamp Perez (D)","$11660957","$1798924","15.43%","Raised over $100k"
"McBathLucy McBath (D)","$2431244","$368999","15.18%","Raised over $100k"
"HarderJosh Harder (D)","$5306590","$800349","15.08%","Raised over $100k"
"MoultonSeth Moulton (D)","$2849440","$428950","15.05%","Raised over $100k"
"GillibrandKirsten Gillibrand (D)","$14857728","$2224331","14.97%","Raised over $100k"
"GoldenJared Golden (D)","$7743101","$1128219","14.57%","Raised over $100k"
"SchmittEric Schmitt (R)","$8421390","$1218529","14.47%","Raised over $100k"
"TiffanyTom Tiffany (R)","$1241429","$177927","14.33%","Raised over $100k"
"HeinrichMartin Heinrich (D)","$12970084","$1857275","14.32%","Raised over $100k"
"GrothmanGlenn Grothman (R)","$985756","$139944","14.20%","Raised over $100k"
"ConnollyGerry Connolly (D)","$2517838","$356034","14.14%","Raised over $100k"
"FischbachMichelle Fischbach (R)","$2010301","$281783","14.02%","Raised over $100k"
"VasquezGabe Vasquez (D)","$6956820","$966637","13.89%","Raised over $100k"
"DurbinDick Durbin (D)","$9493246","$1317861","13.88%","Raised over $100k"
"FeenstraRandy Feenstra (R)","$4242569","$585320","13.80%","Raised over $100k"
"SykesEmilia Sykes (D)","$5270437","$715744","13.58%","Raised over $100k"
"SuozziTom Suozzi (D)","$9538256","$1289185","13.52%","Raised over $100k"
"CramerKevin Cramer (R)","$6388234","$859805","13.46%","Raised over $100k"
"SherrillMikie Sherrill (D)","$4400561","$591662","13.45%","Raised over $100k"
"MolinaroMarc Molinaro (R)","$5501365","$735985","13.38%","Raised over $100k"
"WilliamsBrandon Williams (R)","$4172151","$554346","13.29%","Raised over $100k"
"PoseyBill Posey (R)","$434040","$57383","13.22%","Raised over $100k"
"SwalwellEric Swalwell (D)","$3885636","$511246","13.16%","Raised over $100k"
"SchumerCharles E Schumer (D)","$42963221","$5630162","13.10%","Raised over $100k"
"MaceNancy Mace (R)","$3461772","$449704","12.99%","Raised over $100k"
"MoskowitzJared Moskowitz (D)","$2169791","$280960","12.95%","Raised over $100k"
"CourtneyJoe Courtney (D)","$1265677","$160372","12.67%","Raised over $100k"
"LeskoDebbie Lesko (R)","$319014","$40398","12.66%","Raised over $100k"
"SalinasAndrea Salinas (D)","$5312185","$670954","12.63%","Raised over $100k"
"HagertyBill Hagerty (R)","$17165599","$2163506","12.60%","Raised over $100k"
"BraunMike Braun (R)","$2175017","$273857","12.59%","Raised over $100k"
"BrittKatie Britt (R)","$15313397","$1919905","12.54%","Raised over $100k"
"PingreeChellie Pingree (D)","$661687","$82710","12.50%","Raised over $100k"
"RosendaleMatt Rosendale (R)","$790441","$97482","12.33%","Raised over $100k"
"LopezGreg Lopez (R)","$43353","$5266","12.15%","Raised less than $100k"
"LegerTeresa Leger Fernandez (D)","$2105098","$254871","12.11%","Raised over $100k"
"McCaulMichael McCaul (R)","$3127715","$377739","12.08%","Raised over $100k"
"RischJames E Risch (R)","$3958222","$472814","11.95%","Raised over $100k"
"CastroJoaquin Castro (D)","$677236","$80805","11.93%","Raised over $100k"
"OglesAndy Ogles (R)","$953830","$113373","11.89%","Raised over $100k"
"CraigAngie Craig (D)","$7785521","$920160","11.82%","Raised over $100k"
"BairdJim Baird (R)","$455568","$52686","11.56%","Raised over $100k"
"Chavez-DeremerLori Chavez-Deremer (R)","$5962097","$687815","11.54%","Raised over $100k"
"KapturMarcy Kaptur (D)","$5030990","$574735","11.42%","Raised over $100k"
"HarrisAndy Harris (R)","$1349540","$152803","11.32%","Raised over $100k"
"MalliotakisNicole Malliotakis (R)","$3303258","$368457","11.15%","Raised over $100k"
"BergmanJohn Bergman (R)","$1948889","$215674","11.07%","Raised over $100k"
"NunnZach Nunn (R)","$5752268","$635937","11.06%","Raised over $100k"
"LofgrenZoe Lofgren (D)","$2276594","$247668","10.88%","Raised over $100k"
"StauberPete Stauber (R)","$2260576","$245854","10.88%","Raised over $100k"
"RamirezDelia Ramirez (D)","$1115639","$121089","10.85%","Raised over $100k"
"CloudMichael Cloud (R)","$785113","$80300","10.23%","Raised over $100k"
"WarnerMark Warner (D)","$20277320","$2070814","10.21%","Raised over $100k"
"GoldmanDan Goldman (D)","$3604421","$365993","10.15%","Raised over $100k"
"DavisDon Davis (D)","$5997022","$607763","10.13%","Raised over $100k"
"ScholtenHillary Scholten (D)","$5219042","$524791","10.06%","Raised over $100k"
"SchakowskyJan Schakowsky (D)","$1547043","$153233","9.90%","Raised over $100k"
"TakanoMark Takano (D)","$1281860","$125289","9.77%","Raised over $100k"
"ManningKathy Manning (D)","$428505","$41882","9.77%","Raised over $100k"
"GreenMark Green (R)","$2140409","$207720","9.70%","Raised over $100k"
"LevinMike Levin (D)","$5512893","$533760","9.68%","Raised over $100k"
"SorensenEric Sorensen (D)","$4999828","$479638","9.59%","Raised over $100k"
"FulcherRuss Fulcher (R)","$626646","$59964","9.57%","Raised over $100k"
"RyanPat Ryan (D)","$7966965","$761213","9.55%","Raised over $100k"
"MrvanFrank Mrvan Jr (D)","$3182521","$299007","9.40%","Raised over $100k"
"PflugerAugust Pfluger (R)","$3462839","$320725","9.26%","Raised over $100k"
"WydenRon Wyden (D)","$13797024","$1276047","9.25%","Raised over $100k"
"DeluzioChristopher Deluzio (D)","$5017315","$463798","9.24%","Raised over $100k"
"TonkoPaul Tonko (D)","$1541765","$141725","9.19%","Raised over $100k"
"HoyleVal Hoyle (D)","$2636516","$242102","9.18%","Raised over $100k"
"LandsmanGreg Landsman (D)","$3674183","$333673","9.08%","Raised over $100k"
"BarrassoJohn Barrasso (R)","$10586702","$959048","9.06%","Raised over $100k"
"SullivanDan Sullivan (R)","$11438622","$1007738","8.81%","Raised over $100k"
"BlumenthalRichard Blumenthal (D)","$8881747","$780481","8.79%","Raised over $100k"
"SchrierKim Schrier (D)","$6409926","$563031","8.78%","Raised over $100k"
"FinstadBrad Finstad (R)","$1954782","$171280","8.76%","Raised over $100k"
"ScottRick Scott (R)","$46338811","$4059971","8.76%","Raised over $100k"
"NeguseJoseph Neguse (D)","$2402305","$210215","8.75%","Raised over $100k"
"KilmerDerek Kilmer (D)","$763029","$66457","8.71%","Raised over $100k"
"DunnNeal Dunn (R)","$1062453","$91746","8.64%","Raised over $100k"
"KingAngus King (I)","$5613023","$478088","8.52%","Raised over $100k"
"GayMary Gay Scanlon (D)","$1473876","$124637","8.46%","Raised over $100k"
"MarshallRoger Marshall (R)","$8689537","$730434","8.41%","Raised over $100k"
"LaturnerJake Laturner (R)","$678202","$55749","8.22%","Raised over $100k"
"CasarGreg Casar (D)","$1108368","$90943","8.21%","Raised over $100k"
"WenstrupBrad Wenstrup (R)","$618722","$50740","8.20%","Raised over $100k"
"PettersenBrittany Pettersen (D)","$2444027","$200264","8.19%","Raised over $100k"
"DelBeneSuzan DelBene (D)","$3820057","$310137","8.12%","Raised over $100k"
"SmithJason Smith (R)","$6519602","$528856","8.11%","Raised over $100k"
"KeatingBill Keating (D)","$678884","$54638","8.05%","Raised over $100k"
"ClyburnJames E Clyburn (D)","$2219819","$177896","8.01%","Raised over $100k"
"JacobsSara Jacobs (D)","$1698496","$133945","7.89%","Raised over $100k"
"LeeErica Lee Carter (D)","$70270","$5495","7.82%","Raised less than $100k"
"CastenSean Casten (D)","$3007319","$233392","7.76%","Raised over $100k"
"YoungTodd Young (R)","$15679033","$1216193","7.76%","Raised over $100k"
"RoundsMike Rounds (R)","$4905720","$380413","7.75%","Raised over $100k"
"FosterBill Foster (D)","$3218842","$246554","7.66%","Raised over $100k"
"SinemaKyrsten Sinema (I)","$12276462","$935778","7.62%","Raised over $100k"
"FischerDeb Fischer (R)","$8409719","$639629","7.61%","Raised over $100k"
"NehlsTroy Nehls (R)","$834455","$63085","7.56%","Raised over $100k"
"LeeSusie Lee (D)","$5966655","$450741","7.55%","Raised over $100k"
"DeanMadeleine Dean (D)","$1739285","$131357","7.55%","Raised over $100k"
"NormanRalph Norman (R)","$395128","$29820","7.55%","Raised over $100k"
"McMorrisCathy McMorris Rodgers (R)","$3068965","$229910","7.49%","Raised over $100k"
"KrishnamoorthiRaja Krishnamoorthi (D)","$10781740","$802847","7.45%","Raised over $100k"
"RomneyMitt Romney (R)","$2523205","$187046","7.41%","Raised over $100k"
"FitzgeraldScott Fitzgerald (R)","$1308311","$95942","7.33%","Raised over $100k"
"CiscomaniJuan Ciscomani (R)","$6876505","$478641","6.96%","Raised over $100k"
"TitusDina Titus (D)","$2427313","$167477","6.90%","Raised over $100k"
"CastorKathy Castor (D)","$1162514","$80042","6.89%","Raised over $100k"
"CartwrightMatt Cartwright (D)","$8563884","$583466","6.81%","Raised over $100k"
"KusterAnn Kuster (D)","$1460525","$99210","6.79%","Raised over $100k"
"TokudaJill Tokuda (D)","$961307","$65216","6.78%","Raised over $100k"
"CalvertKen Calvert (R)","$8016040","$541157","6.75%","Raised over $100k"
"ThuneJohn Thune (R)","$14676498","$987613","6.73%","Raised over $100k"
"RuizRaul Ruiz (D)","$2469042","$163127","6.61%","Raised over $100k"
"WalbergTim Walberg (R)","$1581866","$104443","6.60%","Raised over $100k"
"McGarveyMorgan McGarvey (D)","$2152286","$141599","6.58%","Raised over $100k"
"RossDeborah Ross (D)","$1916680","$124164","6.48%","Raised over $100k"
"BeyerDon Beyer (D)","$1924972","$123922","6.44%","Raised over $100k"
"WilsonJoe Wilson (R)","$875967","$56230","6.42%","Raised over $100k"
"LawlerMike Lawler (R)","$8244034","$527131","6.39%","Raised over $100k"
"KhannaRo Khanna (D)","$10139203","$647965","6.39%","Raised over $100k"
"BonamiciSuzanne Bonamici (D)","$933463","$59521","6.38%","Raised over $100k"
"PappasChris Pappas (D)","$4064817","$258983","6.37%","Raised over $100k"
"Miller-MeeksMariannette Miller-Meeks (R)","$5424426","$344101","6.34%","Raised over $100k"
"GonzalesTony Gonzales (R)","$5901618","$372958","6.32%","Raised over $100k"
"BarrAndy Barr (R)","$4940959","$311870","6.31%","Raised over $100k"
"JohnsonHank Johnson (D)","$661564","$40966","6.19%","Raised over $100k"
"HoulahanChrissy Houlahan (D)","$2490375","$154029","6.18%","Raised over $100k"
"HuffmanJared Huffman (D)","$997755","$61180","6.13%","Raised over $100k"
"EmmerTom Emmer (R)","$8166673","$498537","6.10%","Raised over $100k"
"MooreShelley Moore Capito (R)","$6809822","$414479","6.09%","Raised over $100k"
"BishopDan Bishop (R)","$223950","$13538","6.05%","Raised over $100k"
"NadlerJerrold Nadler (D)","$1186827","$71188","6.00%","Raised over $100k"
"BentzCliff Bentz (R)","$1093068","$65275","5.97%","Raised over $100k"
"NickelWiley Nickel (D)","$1506600","$89202","5.92%","Raised over $100k"
"SchatzBrian Schatz (D)","$4179203","$246841","5.91%","Raised over $100k"
"WickerRoger Wicker (R)","$9761165","$571305","5.85%","Raised over $100k"
"SalazarMaria Salazar (R)","$3222051","$188175","5.84%","Raised over $100k"
"ClineBen Cline (R)","$1012181","$58930","5.82%","Raised over $100k"
"ScaliseSteve Scalise (R)","$14633365","$846440","5.78%","Raised over $100k"
"BeraAmi Bera (D)","$1114106","$62602","5.62%","Raised over $100k"
"PhillipsDean Phillips (D)","$7670177","$426978","5.57%","Raised over $100k"
"D'EspositoAnthony D'Esposito (R)","$4519185","$251430","5.56%","Raised over $100k"
"DesaulnierMark Desaulnier (D)","$658949","$36599","5.55%","Raised over $100k"
"BlackburnMarsha Blackburn (R)","$18651419","$1035095","5.55%","Raised over $100k"
"BrownleyJulia Brownley (D)","$1581880","$87174","5.51%","Raised over $100k"
"BiceStephanie Bice (R)","$2096812","$115186","5.49%","Raised over $100k"
"AmoGabe Amo (D)","$2567784","$139662","5.44%","Raised over $100k"
"StevensHaley Stevens (D)","$2653589","$143805","5.42%","Raised over $100k"
"CassidyBill Cassidy (R)","$13712530","$741811","5.41%","Raised over $100k"
"LarsenRick Larsen (D)","$2430826","$131460","5.41%","Raised over $100k"
"MullinMarkwayne Mullin (R)","$6423041","$340318","5.30%","Raised over $100k"
"SchneiderBrad Schneider (D)","$3837024","$200405","5.22%","Raised over $100k"
"SteilBryan Steil (R)","$5469476","$285471","5.22%","Raised over $100k"
"PadillaAlex Padilla (D)","$12645481","$659863","5.22%","Raised over $100k"
"BudzinskiNikki Budzinski (D)","$4276995","$218683","5.11%","Raised over $100k"
"KildeeDan Kildee (D)","$1258893","$64239","5.10%","Raised over $100k"
"VanChris Van Hollen (D)","$8407893","$424602","5.05%","Raised over $100k"
"AdamsAlma Adams (D)","$714938","$34494","4.82%","Raised over $100k"
"DingellDebbie Dingell (D)","$1600135","$76307","4.77%","Raised over $100k"
"StantonGreg Stanton (D)","$2768921","$130327","4.71%","Raised over $100k"
"CarperTom Carper (D)","$1559477","$72302","4.64%","Raised over $100k"
"DeLauroRosa DeLauro (D)","$1717839","$79563","4.63%","Raised over $100k"
"BrownShontel Brown (D)","$1396913","$64413","4.61%","Raised over $100k"
"McCormickRichard McCormick (R)","$2168121","$98906","4.56%","Raised over $100k"
"CoonsChris Coons (D)","$8719861","$394545","4.52%","Raised over $100k"
"McIverLaMonica McIver (D)","$637119","$28827","4.52%","Raised over $100k"
"HimesJim Himes (D)","$2112633","$95194","4.51%","Raised over $100k"
"WassermanDebbie Wasserman Schultz (D)","$2865663","$127672","4.46%","Raised over $100k"
"McCollumBetty McCollum (D)","$1758278","$76391","4.34%","Raised over $100k"
"FrankelLois Frankel (D)","$1859626","$80239","4.31%","Raised over $100k"
"LankfordJames Lankford (R)","$7449710","$321182","4.31%","Raised over $100k"
"ClydeAndrew Clyde (R)","$561936","$24143","4.30%","Raised over $100k"
"CleaverEmanuel Cleaver (D)","$1384776","$59479","4.30%","Raised over $100k"
"MurkowskiLisa Murkowski (R)","$10964335","$468219","4.27%","Raised over $100k"
"HudsonRichard Hudson (R)","$3947101","$168431","4.27%","Raised over $100k"
"DavisDanny K Davis (D)","$818234","$34904","4.27%","Raised over $100k"
"WelchPeter Welch (D)","$5678073","$238536","4.20%","Raised over $100k"
"PlaskettStacey Plaskett (D)","$668165","$28070","4.20%","Raised over $100k"
"ThompsonMike Thompson (D)","$2423434","$100836","4.16%","Raised over $100k"
"BostMike Bost (R)","$3092672","$128100","4.14%","Raised over $100k"
"ColeTom Cole (R)","$5570716","$227840","4.09%","Raised over $100k"
"WatsonBonnie Watson Coleman (D)","$929386","$37879","4.08%","Raised over $100k"
"CarsonAndre Carson (D)","$820449","$32957","4.02%","Raised over $100k"
"KennedyTimothy Kennedy (D)","$2598886","$103941","4.00%","Raised over $100k"
"KeanThomas H Kean Jr. (R)","$5922881","$232027","3.92%","Raised over $100k"
"BrecheenJosh Brecheen (R)","$331851","$12860","3.88%","Raised over $100k"
"LaHoodDarin LaHood (R)","$3734144","$144062","3.86%","Raised over $100k"
"AguilarPete Aguilar (D)","$5808795","$223890","3.85%","Raised over $100k"
"LarsonJohn Larson (D)","$1522651","$58687","3.85%","Raised over $100k"
"GarciaJesus Garcia (D)","$798895","$30653","3.84%","Raised over $100k"
"VelazquezNydia Velazquez (D)","$464287","$17362","3.74%","Raised over $100k"
"SmithAdam Smith (D)","$1668647","$61281","3.67%","Raised over $100k"
"KellyRobin Kelly (D)","$1893899","$69494","3.67%","Raised over $100k"
"StricklandMarilyn Strickland (D)","$2048914","$74632","3.64%","Raised over $100k"
"HoevenJohn Hoeven (R)","$4567097","$165818","3.63%","Raised over $100k"
"CarterBuddy Carter (R)","$2581503","$93614","3.63%","Raised over $100k"
"DeGetteDiana DeGette (D)","$1090985","$39183","3.59%","Raised over $100k"
"ScottBobby Scott (D)","$866157","$30504","3.52%","Raised over $100k"
"TorresRitchie Torres (D)","$9084008","$318391","3.50%","Raised over $100k"
"LangworthyNick Langworthy (R)","$1895322","$66077","3.49%","Raised over $100k"
"WebsterDaniel Webster (R)","$1004828","$34920","3.48%","Raised over $100k"
"FryRussell Fry (R)","$1473349","$50780","3.45%","Raised over $100k"
"SelfKeith Self (R)","$724772","$24975","3.45%","Raised over $100k"
"PanettaJimmy Panetta (D)","$3326588","$114385","3.44%","Raised over $100k"
"RulliMichael Rulli (R)","$1084894","$37054","3.42%","Raised over $100k"
"LaMalfaDoug LaMalfa (R)","$999613","$33896","3.39%","Raised over $100k"
"GreenAl Green (D)","$340453","$11538","3.39%","Raised over $100k"
"HorsfordSteven Horsford (D)","$5361170","$181254","3.38%","Raised over $100k"
"LuetkemeyerBlaine Luetkemeyer (R)","$1270996","$42321","3.33%","Raised over $100k"
"ClarkKatherine Clark (D)","$4850379","$159971","3.30%","Raised over $100k"
"WilliamsNikema Williams (D)","$991342","$32115","3.24%","Raised over $100k"
"ChuJudy Chu (D)","$1894637","$60915","3.22%","Raised over $100k"
"MorelleJoseph D Morelle (D)","$2122468","$68117","3.21%","Raised over $100k"
"MullinKevin Mullin (D)","$734953","$22889","3.11%","Raised over $100k"
"GonzalezVicente Gonzalez (D)","$2484862","$77250","3.11%","Raised over $100k"
"CareyMike Carey (R)","$2644015","$80421","3.04%","Raised over $100k"
"CardinBen Cardin (D)","$359838","$10926","3.04%","Raised over $100k"
"ClarkeYvette Clarke (D)","$1095516","$32916","3.00%","Raised over $100k"
"FranklinScott Franklin (R)","$664056","$19575","2.95%","Raised over $100k"
"LieuTed Lieu (D)","$2569823","$75354","2.93%","Raised over $100k"
"SchweikertDavid Schweikert (R)","$4177660","$121838","2.92%","Raised over $100k"
"MooreGwen Moore (D)","$1342845","$38668","2.88%","Raised over $100k"
"AllenRichard W Allen (R)","$1217539","$34588","2.84%","Raised over $100k"
"VanBeth Van Duyne (R)","$3124044","$88454","2.83%","Raised over $100k"
"CarbajalSalud Carbajal (D)","$2014463","$57016","2.83%","Raised over $100k"
"EdwardsChuck Edwards (R)","$1211362","$34041","2.81%","Raised over $100k"
"GriffithMorgan Griffith (R)","$1002134","$28088","2.80%","Raised over $100k"
"WomackSteve Womack (R)","$2464039","$68506","2.78%","Raised over $100k"
"AlfordMark Alford (R)","$1303886","$36162","2.77%","Raised over $100k"
"BishopSanford Bishop (D)","$1890477","$52140","2.76%","Raised over $100k"
"MagazinerSeth Magaziner (D)","$1966159","$52629","2.68%","Raised over $100k"
"ValadaoDavid Valadao (R)","$4873747","$130413","2.68%","Raised over $100k"
"BaconDon Bacon (R)","$6328059","$169262","2.67%","Raised over $100k"
"CrapoMike Crapo (R)","$6725668","$177593","2.64%","Raised over $100k"
"MoranNathaniel Moran (R)","$1060132","$27967","2.64%","Raised over $100k"
"KellyTrent Kelly (R)","$1278331","$33712","2.64%","Raised over $100k"
"GarbarinoAndrew Garbarino (R)","$3760308","$98845","2.63%","Raised over $100k"
"BoozmanJohn Boozman (R)","$8151176","$210678","2.58%","Raised over $100k"
"SewellTerri Sewell (D)","$3026359","$78204","2.58%","Raised over $100k"
"LattaBob Latta (R)","$1978670","$50117","2.53%","Raised over $100k"
"HolmesEleanor Holmes Norton (D)","$286817","$7167","2.50%","Raised over $100k"
"ThompsonGlenn Thompson (R)","$2819758","$69998","2.48%","Raised over $100k"
"EvansDwight Evans (D)","$975610","$24107","2.47%","Raised over $100k"
"RickettsPete Ricketts (R)","$5862005","$144252","2.46%","Raised over $100k"
"FletcherLizzie Fletcher (D)","$2412593","$59050","2.45%","Raised over $100k"
"LaLotaNick LaLota (R)","$4059577","$97337","2.40%","Raised over $100k"
"GaramendiJohn Garamendi (D)","$1093484","$25754","2.36%","Raised over $100k"
"EzellMike Ezell (R)","$1214460","$28525","2.35%","Raised over $100k"
"MatsuiDoris Matsui (D)","$1227949","$28623","2.33%","Raised over $100k"
"NewhouseDan Newhouse (R)","$2510756","$56759","2.26%","Raised over $100k"
"BilirakisGus Bilirakis (R)","$1750413","$39487","2.26%","Raised over $100k"
"MoolenaarJohn Moolenaar (R)","$2123784","$47865","2.25%","Raised over $100k"
"FoxxVirginia Foxx (R)","$2361025","$52958","2.24%","Raised over $100k"
"ManchinJoe Manchin (D)","$8654338","$192519","2.22%","Raised over $100k"
"FallonPatrick Fallon (R)","$746316","$16380","2.19%","Raised over $100k"
"BuchananVernon Buchanan (R)","$1821782","$39275","2.16%","Raised over $100k"
"MaloyCeleste Maloy (R)","$1884367","$39728","2.11%","Raised over $100k"
"DuarteJohn Duarte (R)","$4522961","$94056","2.08%","Raised over $100k"
"WittmanRob Wittman (R)","$2793849","$56973","2.04%","Raised over $100k"
"ThompsonBennie G Thompson (D)","$1232971","$24416","1.98%","Raised over $100k"
"EscobarVeronica Escobar (D)","$1331009","$26336","1.98%","Raised over $100k"
"EshooAnna Eshoo (D)","$534701","$10278","1.92%","Raised over $100k"
"LoudermilkBarry Loudermilk (R)","$826341","$15796","1.91%","Raised over $100k"
"HernKevin Hern (R)","$1932671","$36443","1.89%","Raised over $100k"
"HoyerSteny H Hoyer (D)","$1703494","$30478","1.79%","Raised over $100k"
"MooreBarry Moore (R)","$1059645","$18687","1.76%","Raised over $100k"
"GravesSam Graves (R)","$2766383","$48474","1.75%","Raised over $100k"
"BeattyJoyce Beatty (D)","$1810215","$31503","1.74%","Raised over $100k"
"LetlowJulia Letlow (R)","$2581985","$44446","1.72%","Raised over $100k"
"MoylanJames C. Moylan (R)","$288357","$4940","1.71%","Raised over $100k"
"SmuckerLloyd Smucker (R)","$1771863","$29706","1.68%","Raised over $100k"
"CaseEd Case (D)","$699440","$11667","1.67%","Raised over $100k"
"BaldersonTroy Balderson (R)","$2116544","$34285","1.62%","Raised over $100k"
"AderholtRobert B Aderholt (R)","$1470649","$23428","1.59%","Raised over $100k"
"MoranJerry Moran (R)","$8576792","$135629","1.58%","Raised over $100k"
"DoggettLloyd Doggett (D)","$1541264","$23993","1.56%","Raised over $100k"
"MurphyGreg Murphy (R)","$1872623","$28798","1.54%","Raised over $100k"
"FloodMike Flood (R)","$2005390","$30685","1.53%","Raised over $100k"
"LeeLaurel Lee (R)","$1959920","$29777","1.52%","Raised over $100k"
"DavidsonWarren Davidson (R)","$1119756","$16900","1.51%","Raised over $100k"
"EspaillatAdriano Espaillat (D)","$1358380","$20388","1.50%","Raised over $100k"
"WeberRandy Weber (R)","$1109497","$16583","1.49%","Raised over $100k"
"HouchinErin Houchin (R)","$1710956","$25542","1.49%","Raised over $100k"
"KellyMike Kelly (R)","$1623257","$23689","1.46%","Raised over $100k"
"FongVince Fong (R)","$2306087","$33324","1.45%","Raised over $100k"
"SotoDarren Soto (D)","$2131678","$30415","1.43%","Raised over $100k"
"ReedJack Reed (D)","$4011226","$57029","1.42%","Raised over $100k"
"CarterJohn Carter (R)","$1199483","$16620","1.39%","Raised over $100k"
"MengGrace Meng (D)","$2088472","$28381","1.36%","Raised over $100k"
"JoyceDavid P Joyce (R)","$2425913","$32423","1.34%","Raised over $100k"
"SanchezLinda Sanchez (D)","$1536204","$20386","1.33%","Raised over $100k"
"PetersScott Peters (D)","$2257820","$29743","1.32%","Raised over $100k"
"MenendezRobert Menendez (D)","$10861614","$142609","1.31%","Raised over $100k"
"LambornDoug Lamborn (R)","$215564","$2790","1.29%","Raised over $100k"
"QuigleyMike Quigley (D)","$1080428","$13915","1.29%","Raised over $100k"
"WestermanBruce Westerman (R)","$2687010","$33982","1.26%","Raised over $100k"
"ScottAustin Scott (R)","$1216676","$15354","1.26%","Raised over $100k"
"BarraganNanette Barragan (D)","$1247135","$15674","1.26%","Raised over $100k"
"HillFrench Hill (R)","$3776307","$46958","1.24%","Raised over $100k"
"BabinBrian Babin (R)","$1168395","$14288","1.22%","Raised over $100k"
"StrongDale Strong (R)","$1283179","$15016","1.17%","Raised over $100k"
"WatersMaxine Waters (D)","$1091817","$12512","1.15%","Raised over $100k"
"IveyGlenn Ivey (D)","$907644","$10244","1.13%","Raised over $100k"
"JohnsonDusty Johnson (R)","$4376687","$49222","1.12%","Raised over $100k"
"FitzpatrickBrian Fitzpatrick (R)","$6307840","$69623","1.10%","Raised over $100k"
"HuizengaBill Huizenga (R)","$3106375","$33791","1.09%","Raised over $100k"
"KamlagerSydney Kamlager (D)","$1035793","$11100","1.07%","Raised over $100k"
"DesjarlaisScott Desjarlais (R)","$305705","$3195","1.05%","Raised over $100k"
"ShermanBrad Sherman (D)","$2036647","$21162","1.04%","Raised over $100k"
"Cherfilus-McCormickSheila Cherfilus-McCormick (D)","$491758","$5092","1.04%","Raised over $100k"
"GomezJimmy Gomez (D)","$2206489","$22811","1.03%","Raised over $100k"
"GuthrieBrett Guthrie (R)","$3829929","$38277","1.00%","Raised over $100k"
"LucasFrank D Lucas (R)","$1710072","$16768","0.98%","Raised over $100k"
"GimenezCarlos Gimenez (R)","$1125646","$10379","0.92%","Raised over $100k"
"CrawfordRick Crawford (R)","$1097029","$10023","0.91%","Raised over $100k"
"GottheimerJosh Gottheimer (D)","$10084137","$91712","0.91%","Raised over $100k"
"CarterTroy Carter (D)","$1998421","$17137","0.86%","Raised over $100k"
"BlumenauerEarl Blumenauer (D)","$1030088","$8808","0.86%","Raised over $100k"
"JacksonJonathan Jackson (D)","$558906","$4673","0.84%","Raised over $100k"
"RouzerDavid Rouzer (R)","$1776402","$14178","0.80%","Raised over $100k"
"GuestMichael Guest (R)","$924939","$7179","0.78%","Raised over $100k"
"RogersMike D Rogers (R)","$2871792","$21916","0.76%","Raised over $100k"
"VeaseyMarc Veasey (D)","$1863889","$14212","0.76%","Raised over $100k"
"EstesRon Estes (R)","$2261595","$17051","0.75%","Raised over $100k"
"CuellarHenry Cuellar (D)","$2438318","$18016","0.74%","Raised over $100k"
"MannTracey Mann (R)","$1368783","$9935","0.73%","Raised over $100k"
"AuchinclossJake Auchincloss (D)","$3479676","$24613","0.71%","Raised over $100k"
"RuppersbergerDutch Ruppersberger (D)","$359813","$2531","0.70%","Raised over $100k"
"NorcrossDon Norcross (D)","$2187063","$15294","0.70%","Raised over $100k"
"WilliamsRoger Williams (R)","$1858870","$12991","0.70%","Raised over $100k"
"WilsonFrederica Wilson (D)","$485428","$3315","0.68%","Raised over $100k"
"SessionsPete Sessions (R)","$1239311","$8184","0.66%","Raised over $100k"
"TurnerMichael R Turner (R)","$1237218","$8136","0.66%","Raised over $100k"
"SimpsonMike Simpson (R)","$1543835","$9444","0.61%","Raised over $100k"
"PalloneFrank Pallone Jr. (D)","$3455759","$20693","0.60%","Raised over $100k"
"TimmonsWilliam Timmons (R)","$1329634","$7814","0.59%","Raised over $100k"
"GarciaSylvia Garcia (D)","$929198","$5347","0.58%","Raised over $100k"
"MfumeKweisi Mfume (D)","$526322","$2859","0.54%","Raised over $100k"
"MenendezRob Menendez (D)","$2371989","$12811","0.54%","Raised over $100k"
"BoyleBrendan Boyle (D)","$2328291","$12559","0.54%","Raised over $100k"
"CurtisJohn Curtis (R)","$5632555","$30244","0.54%","Raised over $100k"
"ArmstrongKelly Armstrong (R)","$661893","$3519","0.53%","Raised over $100k"
"MeuserDan Meuser (R)","$1749222","$9025","0.52%","Raised over $100k"
"GoodenLance Gooden (R)","$1136644","$5752","0.51%","Raised over $100k"
"ArringtonJodey Arrington (R)","$3247143","$16135","0.50%","Raised over $100k"
"ThanedarShri Thanedar (D)","$9477463","$44352","0.47%","Raised over $100k"
"ObernolteJay Obernolte (R)","$1365378","$6374","0.47%","Raised over $100k"
"BeanAaron Bean (R)","$1729436","$7757","0.45%","Raised over $100k"
"CohenSteve Cohen (D)","$657841","$2949","0.45%","Raised over $100k"
"KustoffDavid Kustoff (R)","$2410700","$10759","0.45%","Raised over $100k"
"MillerCarol Miller (R)","$1708912","$7411","0.43%","Raised over $100k"
"AmodeiMark Amodei (R)","$1277056","$5525","0.43%","Raised over $100k"
"LynchStephen Lynch (D)","$709924","$3036","0.43%","Raised over $100k"
"GravesGarret Graves (R)","$2444756","$9788","0.40%","Raised over $100k"
"CorreaLou Correa (D)","$1374209","$5236","0.38%","Raised over $100k"
"SmithAdrian Smith (R)","$1995681","$7209","0.36%","Raised over $100k"
"RutherfordJohn Rutherford (R)","$892110","$3058","0.34%","Raised over $100k"
"FergusonDrew Ferguson (R)","$818067","$2593","0.32%","Raised over $100k"
"TorresNorma Torres (D)","$932869","$2897","0.31%","Raised over $100k"
"CostaJim Costa (D)","$1680778","$4980","0.30%","Raised over $100k"
"RogersHal Rogers (R)","$1052277","$3005","0.29%","Raised over $100k"
"CardenasTony Cardenas (D)","$591968","$1680","0.28%","Raised over $100k"
"JoyceJohn Joyce (R)","$1630617","$4164","0.26%","Raised over $100k"
"FleischmannChuck Fleischmann (R)","$1889740","$4653","0.25%","Raised over $100k"
"TroneDavid Trone (D)","$63589345","$153586","0.24%","Raised over $100k"
"PalmerGary Palmer (R)","$1714523","$4120","0.24%","Raised over $100k"
"VargasJuan Vargas (D)","$790625","$1857","0.23%","Raised over $100k"
"GrangerKay Granger (R)","$975070","$2160","0.22%","Raised over $100k"
"MeeksGregory Meeks (D)","$3025012","$6535","0.22%","Raised over $100k"
"Diaz-BalartMario Diaz-Balart (R)","$2358126","$4745","0.20%","Raised over $100k"
"MooreBlake Moore (R)","$2464666","$4478","0.18%","Raised over $100k"
"ScottDavid Scott (D)","$1203985","$2158","0.18%","Raised over $100k"
"ColemanAmata Coleman Radewagen (R)","$65150","$100","0.15%","Raised less than $100k"
"GonzalezJenniffer Gonzalez (3)","$1040662","$1427","0.14%","Raised over $100k"
"MillerMax Miller (R)","$1907382","$2610","0.14%","Raised over $100k"
"NealRichard E Neal (D)","$3251363","$4416","0.14%","Raised over $100k"
"BucshonLarry Bucshon (R)","$675577","$727","0.11%","Raised over $100k"
"McHenryPatrick McHenry (R)","$1873643","$1939","0.10%","Raised over $100k"
"PenceGreg Pence (R)","$469760","$485","0.10%","Raised over $100k"
"WhitehouseSheldon Whitehouse (D)","$6714499","$0","0.00%","Raised over $100k"
"SablanGregorio Sablan (I)","$2151","$0","0.00%","Raised less than $100k"
"TrahanLori Trahan (D)","$1717667","$0","0.00%","Raised over $100k"
"NapolitanoGrace Napolitano (D)","$43101","$0","0.00%","Raised less than $100k"